GameSeed,GameName,Round,Event,Tick,Turn,PlayerCount,GameID,LeaderGap,PlayerName-0,Player-4,Player-1,Average,Player-0,Player-3,Player-2,PlayerName-1,PlayerName-2,PlayerName-3,PlayerName-4
-1533947634,Descent2e,0,ACTION_CHOSEN,0,0,5,2,0.0,OSLA,0.0,0.0,0.0,0.0,0.0,0.0,OSLA,OSLA,OSLA,OSLA
-1533947634,Descent2e,0,ACTION_CHOSEN,1,0,5,2,0.0,OSLA,0.0,0.0,0.0,0.0,0.0,0.0,OSLA,OSLA,OSLA,OSLA
-1533947634,Descent2e,0,ACTION_CHOSEN,2,0,5,2,0.0,OSLA,0.0,0.0,0.0,0.0,0.0,0.0,OSLA,OSLA,OSLA,OSLA
-1533947634,Descent2e,0,ACTION_CHOSEN,3,0,5,2,0.0,OSLA,0.0,0.0,0.0,0.0,0.0,0.0,OSLA,OSLA,OSLA,OSLA
-1533947634,Descent2e,0,ACTION_CHOSEN,4,0,5,2,0.0,OSLA,0.0,0.0,0.0,0.0,0.0,0.0,OSLA,OSLA,OSLA,OSLA
-1533947634,Descent2e,0,ACTION_CHOSEN,5,0,5,2,0.0,OSLA,0.0,0.0,0.0,0.0,0.0,0.0,OSLA,OSLA,OSLA,OSLA
-1533947634,Descent2e,0,ACTION_CHOSEN,6,0,5,2,0.0,OSLA,0.0,0.0,0.0,0.0,0.0,0.0,OSLA,OSLA,OSLA,OSLA
-1533947634,Descent2e,0,ACTION_CHOSEN,7,0,5,2,0.0,OSLA,0.0,0.0,0.0,0.0,0.0,0.0,OSLA,OSLA,OSLA,OSLA
-1533947634,Descent2e,0,ACTION_CHOSEN,8,0,5,2,0.0,OSLA,0.0,0.0,0.0,0.0,0.0,0.0,OSLA,OSLA,OSLA,OSLA
-1533947634,Descent2e,0,ACTION_CHOSEN,9,0,5,2,0.0,OSLA,0.0,0.0,0.0,0.0,0.0,0.0,OSLA,OSLA,OSLA,OSLA
-1533947634,Descent2e,0,ACTION_CHOSEN,10,0,5,2,0.0,OSLA,0.0,0.0,0.0,0.0,0.0,0.0,OSLA,OSLA,OSLA,OSLA
-1533947634,Descent2e,0,ACTION_CHOSEN,11,0,5,2,0.0,OSLA,0.0,0.0,0.0,0.0,0.0,0.0,OSLA,OSLA,OSLA,OSLA
-1533947634,Descent2e,0,ACTION_CHOSEN,12,0,5,2,0.0,OSLA,0.0,0.0,0.0,0.0,0.0,0.0,OSLA,OSLA,OSLA,OSLA
-1533947634,Descent2e,0,ACTION_CHOSEN,13,0,5,2,0.0,OSLA,0.0,0.0,0.0,0.0,0.0,0.0,OSLA,OSLA,OSLA,OSLA
-1533947634,Descent2e,0,ACTION_CHOSEN,14,0,5,2,0.0,OSLA,0.0,0.0,0.0,0.0,0.0,0.0,OSLA,OSLA,OSLA,OSLA
-1533947634,Descent2e,0,ACTION_CHOSEN,15,0,5,2,0.0,OSLA,0.0,0.0,0.0,0.0,0.0,0.0,OSLA,OSLA,OSLA,OSLA
-1533947634,Descent2e,0,ACTION_CHOSEN,16,0,5,2,0.0,OSLA,0.0,0.0,0.0,0.0,0.0,0.0,OSLA,OSLA,OSLA,OSLA
-1533947634,Descent2e,0,ACTION_CHOSEN,17,0,5,2,0.0,OSLA,0.0,0.0,0.0,0.0,0.0,0.0,OSLA,OSLA,OSLA,OSLA
-1533947634,Descent2e,0,ACTION_CHOSEN,18,0,5,2,0.0,OSLA,0.0,0.0,0.0,0.0,0.0,0.0,OSLA,OSLA,OSLA,OSLA
-1533947634,Descent2e,0,ACTION_CHOSEN,19,0,5,2,0.0,OSLA,0.0,0.0,0.0,0.0,0.0,0.0,OSLA,OSLA,OSLA,OSLA
-1533947634,Descent2e,0,ACTION_CHOSEN,20,0,5,2,0.0,OSLA,0.0,0.0,0.0,0.0,0.0,0.0,OSLA,OSLA,OSLA,OSLA
-1533947634,Descent2e,0,ACTION_CHOSEN,21,0,5,2,0.0,OSLA,0.0,0.0,0.0,0.0,0.0,0.0,OSLA,OSLA,OSLA,OSLA
-1533947634,Descent2e,0,ACTION_CHOSEN,22,0,5,2,0.0,OSLA,0.0,0.0,0.0,0.0,0.0,0.0,OSLA,OSLA,OSLA,OSLA
-1533947634,Descent2e,0,ACTION_CHOSEN,23,0,5,2,0.0,OSLA,0.0,0.0,0.0,0.0,0.0,0.0,OSLA,OSLA,OSLA,OSLA
-1533947634,Descent2e,0,ACTION_CHOSEN,24,0,5,2,0.0,OSLA,0.0,0.0,0.0,0.0,0.0,0.0,OSLA,OSLA,OSLA,OSLA
-1533947634,Descent2e,0,ACTION_CHOSEN,25,0,5,2,0.0,OSLA,0.0,0.0,0.0,0.0,0.0,0.0,OSLA,OSLA,OSLA,OSLA
-1533947634,Descent2e,0,ACTION_CHOSEN,26,0,5,2,0.0,OSLA,0.0,0.0,0.0,0.0,0.0,0.0,OSLA,OSLA,OSLA,OSLA
-1533947634,Descent2e,0,ACTION_CHOSEN,27,0,5,2,0.0,OSLA,0.0,0.0,0.0,0.0,0.0,0.0,OSLA,OSLA,OSLA,OSLA
-1533947634,Descent2e,0,ACTION_CHOSEN,28,0,5,2,0.0,OSLA,0.0,0.0,0.0,0.0,0.0,0.0,OSLA,OSLA,OSLA,OSLA
-1533947634,Descent2e,0,ACTION_CHOSEN,29,1,5,2,0.0,OSLA,0.0,0.0,0.0,0.0,0.0,0.0,OSLA,OSLA,OSLA,OSLA
-1533947634,Descent2e,0,ACTION_CHOSEN,30,1,5,2,0.0,OSLA,0.0,0.0,0.0,0.0,0.0,0.0,OSLA,OSLA,OSLA,OSLA
-1533947634,Descent2e,0,ACTION_CHOSEN,31,1,5,2,0.0,OSLA,0.0,0.0,0.0,0.0,0.0,0.0,OSLA,OSLA,OSLA,OSLA
-1533947634,Descent2e,0,ACTION_CHOSEN,32,1,5,2,0.0,OSLA,0.0,0.0,0.0,0.0,0.0,0.0,OSLA,OSLA,OSLA,OSLA
-1533947634,Descent2e,0,ACTION_CHOSEN,33,1,5,2,0.0,OSLA,0.0,0.0,0.0,0.0,0.0,0.0,OSLA,OSLA,OSLA,OSLA
-1533947634,Descent2e,0,ACTION_CHOSEN,34,1,5,2,0.0,OSLA,0.0,0.0,0.0,0.0,0.0,0.0,OSLA,OSLA,OSLA,OSLA
-1533947634,Descent2e,0,ACTION_CHOSEN,35,1,5,2,0.0,OSLA,0.0,0.0,0.0,0.0,0.0,0.0,OSLA,OSLA,OSLA,OSLA
-1533947634,Descent2e,0,ACTION_CHOSEN,36,1,5,2,0.0,OSLA,0.0,0.0,0.0,0.0,0.0,0.0,OSLA,OSLA,OSLA,OSLA
-1533947634,Descent2e,0,ACTION_CHOSEN,37,1,5,2,0.0,OSLA,0.0,0.0,0.0,0.0,0.0,0.0,OSLA,OSLA,OSLA,OSLA
-1533947634,Descent2e,0,ACTION_CHOSEN,38,1,5,2,0.0,OSLA,0.0,0.0,0.0,0.0,0.0,0.0,OSLA,OSLA,OSLA,OSLA
-1533947634,Descent2e,0,ACTION_CHOSEN,39,1,5,2,0.0,OSLA,0.0,0.0,0.0,0.0,0.0,0.0,OSLA,OSLA,OSLA,OSLA
-1533947634,Descent2e,0,ACTION_CHOSEN,40,1,5,2,0.0,OSLA,0.0,0.0,0.0,0.0,0.0,0.0,OSLA,OSLA,OSLA,OSLA
-1533947634,Descent2e,0,ACTION_CHOSEN,41,1,5,2,0.0,OSLA,0.0,0.0,0.0,0.0,0.0,0.0,OSLA,OSLA,OSLA,OSLA
-1533947634,Descent2e,0,ACTION_CHOSEN,42,1,5,2,0.0,OSLA,0.0,0.0,0.0,0.0,0.0,0.0,OSLA,OSLA,OSLA,OSLA
-1533947634,Descent2e,0,ACTION_CHOSEN,43,1,5,2,0.0,OSLA,0.0,0.0,0.0,0.0,0.0,0.0,OSLA,OSLA,OSLA,OSLA
-1533947634,Descent2e,0,ACTION_CHOSEN,44,1,5,2,0.0,OSLA,0.0,0.0,0.0,0.0,0.0,0.0,OSLA,OSLA,OSLA,OSLA
-1533947634,Descent2e,0,ACTION_CHOSEN,45,1,5,2,0.0,OSLA,0.0,0.0,0.0,0.0,0.0,0.0,OSLA,OSLA,OSLA,OSLA
-1533947634,Descent2e,0,ACTION_CHOSEN,46,2,5,2,0.0,OSLA,0.0,0.0,0.0,0.0,0.0,0.0,OSLA,OSLA,OSLA,OSLA
-1533947634,Descent2e,0,ACTION_CHOSEN,47,2,5,2,0.0,OSLA,0.0,0.0,0.0,0.0,0.0,0.0,OSLA,OSLA,OSLA,OSLA
-1533947634,Descent2e,0,ACTION_CHOSEN,48,2,5,2,0.0,OSLA,0.0,0.0,0.0,0.0,0.0,0.0,OSLA,OSLA,OSLA,OSLA
-1533947634,Descent2e,0,ACTION_CHOSEN,49,2,5,2,0.0,OSLA,0.0,0.0,0.0,0.0,0.0,0.0,OSLA,OSLA,OSLA,OSLA
-1533947634,Descent2e,0,ACTION_CHOSEN,50,2,5,2,0.0,OSLA,0.0,0.0,0.0,0.0,0.0,0.0,OSLA,OSLA,OSLA,OSLA
-1533947634,Descent2e,0,ACTION_CHOSEN,51,2,5,2,0.0,OSLA,0.0,0.0,0.0,0.0,0.0,0.0,OSLA,OSLA,OSLA,OSLA
-1533947634,Descent2e,0,ACTION_CHOSEN,52,2,5,2,0.0,OSLA,0.0,0.0,0.0,0.0,0.0,0.0,OSLA,OSLA,OSLA,OSLA
-1533947634,Descent2e,0,ACTION_CHOSEN,53,2,5,2,0.0,OSLA,0.0,0.0,0.0,0.0,0.0,0.0,OSLA,OSLA,OSLA,OSLA
-1533947634,Descent2e,0,ACTION_CHOSEN,54,2,5,2,0.0,OSLA,0.0,0.0,0.0,0.0,0.0,0.0,OSLA,OSLA,OSLA,OSLA
-1533947634,Descent2e,0,ACTION_CHOSEN,55,2,5,2,0.0,OSLA,0.0,0.0,0.0,0.0,0.0,0.0,OSLA,OSLA,OSLA,OSLA
-1533947634,Descent2e,0,ACTION_CHOSEN,56,2,5,2,0.0,OSLA,0.0,0.0,0.0,0.0,0.0,0.0,OSLA,OSLA,OSLA,OSLA
-1533947634,Descent2e,0,ACTION_CHOSEN,57,2,5,2,0.0,OSLA,0.0,0.0,0.0,0.0,0.0,0.0,OSLA,OSLA,OSLA,OSLA
-1533947634,Descent2e,0,ACTION_CHOSEN,58,2,5,2,0.0,OSLA,0.0,0.0,0.0,0.0,0.0,0.0,OSLA,OSLA,OSLA,OSLA
-1533947634,Descent2e,0,ACTION_CHOSEN,59,2,5,2,0.0,OSLA,0.0,0.0,0.0,0.0,0.0,0.0,OSLA,OSLA,OSLA,OSLA
-1533947634,Descent2e,0,ACTION_CHOSEN,60,2,5,2,0.0,OSLA,0.0,0.0,0.0,0.0,0.0,0.0,OSLA,OSLA,OSLA,OSLA
-1533947634,Descent2e,0,ACTION_CHOSEN,61,2,5,2,0.0,OSLA,0.0,0.0,0.0,0.0,0.0,0.0,OSLA,OSLA,OSLA,OSLA
-1533947634,Descent2e,0,ACTION_CHOSEN,62,2,5,2,0.0,OSLA,0.0,0.0,0.0,0.0,0.0,0.0,OSLA,OSLA,OSLA,OSLA
-1533947634,Descent2e,0,ACTION_CHOSEN,63,3,5,2,0.0,OSLA,0.0,0.0,0.0,0.0,0.0,0.0,OSLA,OSLA,OSLA,OSLA
-1533947634,Descent2e,0,ACTION_CHOSEN,64,3,5,2,0.0,OSLA,0.0,0.0,0.0,0.0,0.0,0.0,OSLA,OSLA,OSLA,OSLA
-1533947634,Descent2e,0,ACTION_CHOSEN,65,3,5,2,0.0,OSLA,0.0,0.0,0.0,0.0,0.0,0.0,OSLA,OSLA,OSLA,OSLA
-1533947634,Descent2e,0,ACTION_CHOSEN,66,3,5,2,0.0,OSLA,0.0,0.0,0.0,0.0,0.0,0.0,OSLA,OSLA,OSLA,OSLA
-1533947634,Descent2e,0,ACTION_CHOSEN,67,3,5,2,0.0,OSLA,0.0,0.0,0.0,0.0,0.0,0.0,OSLA,OSLA,OSLA,OSLA
-1533947634,Descent2e,0,ACTION_CHOSEN,68,3,5,2,0.0,OSLA,0.0,0.0,0.0,0.0,0.0,0.0,OSLA,OSLA,OSLA,OSLA
-1533947634,Descent2e,0,ACTION_CHOSEN,69,3,5,2,0.0,OSLA,0.0,0.0,0.0,0.0,0.0,0.0,OSLA,OSLA,OSLA,OSLA
-1533947634,Descent2e,0,ACTION_CHOSEN,70,3,5,2,0.0,OSLA,0.0,0.0,0.0,0.0,0.0,0.0,OSLA,OSLA,OSLA,OSLA
-1533947634,Descent2e,0,ACTION_CHOSEN,71,3,5,2,0.0,OSLA,0.0,0.0,0.0,0.0,0.0,0.0,OSLA,OSLA,OSLA,OSLA
-1533947634,Descent2e,0,ACTION_CHOSEN,72,3,5,2,0.0,OSLA,0.0,0.0,0.0,0.0,0.0,0.0,OSLA,OSLA,OSLA,OSLA
-1533947634,Descent2e,0,ACTION_CHOSEN,73,3,5,2,0.0,OSLA,0.0,0.0,0.0,0.0,0.0,0.0,OSLA,OSLA,OSLA,OSLA
-1533947634,Descent2e,0,ACTION_CHOSEN,74,3,5,2,0.0,OSLA,0.0,0.0,0.0,0.0,0.0,0.0,OSLA,OSLA,OSLA,OSLA
-1533947634,Descent2e,0,ACTION_CHOSEN,75,3,5,2,0.0,OSLA,0.0,0.0,0.0,0.0,0.0,0.0,OSLA,OSLA,OSLA,OSLA
-1533947634,Descent2e,0,ACTION_CHOSEN,76,3,5,2,0.0,OSLA,0.0,0.0,0.0,0.0,0.0,0.0,OSLA,OSLA,OSLA,OSLA
-1533947634,Descent2e,0,ACTION_CHOSEN,77,3,5,2,0.0,OSLA,0.0,0.0,0.0,0.0,0.0,0.0,OSLA,OSLA,OSLA,OSLA
-1533947634,Descent2e,0,ACTION_CHOSEN,78,3,5,2,0.0,OSLA,0.0,0.0,0.0,0.0,0.0,0.0,OSLA,OSLA,OSLA,OSLA
-1533947634,Descent2e,0,ACTION_CHOSEN,79,4,5,2,0.0,OSLA,0.0,0.0,0.0,0.0,0.0,0.0,OSLA,OSLA,OSLA,OSLA
-1533947634,Descent2e,0,ACTION_CHOSEN,80,4,5,2,0.0,OSLA,0.0,0.0,0.0,0.0,0.0,0.0,OSLA,OSLA,OSLA,OSLA
-1533947634,Descent2e,0,ACTION_CHOSEN,81,4,5,2,0.0,OSLA,0.0,0.0,0.0,0.0,0.0,0.0,OSLA,OSLA,OSLA,OSLA
-1533947634,Descent2e,0,ACTION_CHOSEN,82,4,5,2,0.0,OSLA,0.0,0.0,0.0,0.0,0.0,0.0,OSLA,OSLA,OSLA,OSLA
-1533947634,Descent2e,0,ACTION_CHOSEN,83,4,5,2,0.0,OSLA,0.0,0.0,0.0,0.0,0.0,0.0,OSLA,OSLA,OSLA,OSLA
-1533947634,Descent2e,0,ACTION_CHOSEN,84,4,5,2,0.0,OSLA,0.0,0.0,0.0,0.0,0.0,0.0,OSLA,OSLA,OSLA,OSLA
-1533947634,Descent2e,0,ACTION_CHOSEN,85,4,5,2,0.0,OSLA,0.0,0.0,0.0,0.0,0.0,0.0,OSLA,OSLA,OSLA,OSLA
-1533947634,Descent2e,0,ACTION_CHOSEN,86,4,5,2,0.0,OSLA,0.0,0.0,0.0,0.0,0.0,0.0,OSLA,OSLA,OSLA,OSLA
-1533947634,Descent2e,0,ACTION_CHOSEN,87,4,5,2,0.0,OSLA,0.0,0.0,0.0,0.0,0.0,0.0,OSLA,OSLA,OSLA,OSLA
-1533947634,Descent2e,0,ACTION_CHOSEN,88,4,5,2,0.0,OSLA,0.0,0.0,0.0,0.0,0.0,0.0,OSLA,OSLA,OSLA,OSLA
-1533947634,Descent2e,0,ACTION_CHOSEN,89,5,5,2,0.0,OSLA,0.0,0.0,0.0,0.0,0.0,0.0,OSLA,OSLA,OSLA,OSLA
-1533947634,Descent2e,0,ACTION_CHOSEN,90,5,5,2,0.0,OSLA,0.0,0.0,0.0,0.0,0.0,0.0,OSLA,OSLA,OSLA,OSLA
-1533947634,Descent2e,0,ACTION_CHOSEN,91,5,5,2,0.0,OSLA,0.0,0.0,0.0,0.0,0.0,0.0,OSLA,OSLA,OSLA,OSLA
-1533947634,Descent2e,0,ACTION_CHOSEN,92,5,5,2,0.0,OSLA,0.0,0.0,0.0,0.0,0.0,0.0,OSLA,OSLA,OSLA,OSLA
-1533947634,Descent2e,0,ACTION_CHOSEN,93,6,5,2,0.0,OSLA,0.0,0.0,0.0,0.0,0.0,0.0,OSLA,OSLA,OSLA,OSLA
-1533947634,Descent2e,0,ACTION_CHOSEN,94,6,5,2,0.0,OSLA,0.0,0.0,0.0,0.0,0.0,0.0,OSLA,OSLA,OSLA,OSLA
-1533947634,Descent2e,0,ACTION_CHOSEN,95,6,5,2,0.0,OSLA,0.0,0.0,0.0,0.0,0.0,0.0,OSLA,OSLA,OSLA,OSLA
-1533947634,Descent2e,0,ACTION_CHOSEN,96,6,5,2,0.0,OSLA,0.0,0.0,0.0,0.0,0.0,0.0,OSLA,OSLA,OSLA,OSLA
-1533947634,Descent2e,0,ACTION_CHOSEN,97,6,5,2,0.0,OSLA,0.0,0.0,0.0,0.0,0.0,0.0,OSLA,OSLA,OSLA,OSLA
-1533947634,Descent2e,0,ACTION_CHOSEN,98,7,5,2,0.0,OSLA,0.0,0.0,0.0,0.0,0.0,0.0,OSLA,OSLA,OSLA,OSLA
-1533947634,Descent2e,0,ACTION_CHOSEN,99,7,5,2,0.0,OSLA,0.0,0.0,0.0,0.0,0.0,0.0,OSLA,OSLA,OSLA,OSLA
-1533947634,Descent2e,0,ACTION_CHOSEN,100,7,5,2,0.0,OSLA,0.0,0.0,0.0,0.0,0.0,0.0,OSLA,OSLA,OSLA,OSLA
-1533947634,Descent2e,0,ACTION_CHOSEN,101,7,5,2,0.0,OSLA,0.0,0.0,0.0,0.0,0.0,0.0,OSLA,OSLA,OSLA,OSLA
-1533947634,Descent2e,0,ACTION_CHOSEN,102,8,5,2,0.0,OSLA,0.0,0.0,0.0,0.0,0.0,0.0,OSLA,OSLA,OSLA,OSLA
-1533947634,Descent2e,0,ACTION_CHOSEN,103,9,5,2,0.0,OSLA,0.0,0.0,0.0,0.0,0.0,0.0,OSLA,OSLA,OSLA,OSLA
-1533947634,Descent2e,0,ACTION_CHOSEN,104,9,5,2,0.0,OSLA,0.0,0.0,0.0,0.0,0.0,0.0,OSLA,OSLA,OSLA,OSLA
-1533947634,Descent2e,0,ACTION_CHOSEN,105,9,5,2,0.0,OSLA,0.0,0.0,0.0,0.0,0.0,0.0,OSLA,OSLA,OSLA,OSLA
-1533947634,Descent2e,0,ACTION_CHOSEN,106,9,5,2,0.0,OSLA,0.0,0.0,0.0,0.0,0.0,0.0,OSLA,OSLA,OSLA,OSLA
-1533947634,Descent2e,0,ACTION_CHOSEN,107,9,5,2,0.0,OSLA,0.0,0.0,0.0,0.0,0.0,0.0,OSLA,OSLA,OSLA,OSLA
-1533947634,Descent2e,0,ACTION_CHOSEN,108,9,5,2,0.0,OSLA,0.0,0.0,0.0,0.0,0.0,0.0,OSLA,OSLA,OSLA,OSLA
-1533947634,Descent2e,0,ACTION_CHOSEN,109,9,5,2,0.0,OSLA,0.0,0.0,0.0,0.0,0.0,0.0,OSLA,OSLA,OSLA,OSLA
-1533947634,Descent2e,0,ACTION_CHOSEN,110,9,5,2,0.0,OSLA,0.0,0.0,0.0,0.0,0.0,0.0,OSLA,OSLA,OSLA,OSLA
-1533947634,Descent2e,0,ACTION_CHOSEN,111,10,5,2,0.0,OSLA,0.0,0.0,0.0,0.0,0.0,0.0,OSLA,OSLA,OSLA,OSLA
-1533947634,Descent2e,0,ACTION_CHOSEN,112,11,5,2,0.0,OSLA,0.0,0.0,0.0,0.0,0.0,0.0,OSLA,OSLA,OSLA,OSLA
-1533947634,Descent2e,0,ACTION_CHOSEN,113,11,5,2,0.0,OSLA,0.0,0.0,0.0,0.0,0.0,0.0,OSLA,OSLA,OSLA,OSLA
-1533947634,Descent2e,0,ACTION_CHOSEN,114,11,5,2,0.0,OSLA,0.0,0.0,0.0,0.0,0.0,0.0,OSLA,OSLA,OSLA,OSLA
-1533947634,Descent2e,0,ACTION_CHOSEN,115,11,5,2,0.0,OSLA,0.0,0.0,0.0,0.0,0.0,0.0,OSLA,OSLA,OSLA,OSLA
-1533947634,Descent2e,0,ACTION_CHOSEN,116,11,5,2,0.0,OSLA,0.0,0.0,0.0,0.0,0.0,0.0,OSLA,OSLA,OSLA,OSLA
-1533947634,Descent2e,0,ACTION_CHOSEN,117,11,5,2,0.0,OSLA,0.0,0.0,0.0,0.0,0.0,0.0,OSLA,OSLA,OSLA,OSLA
-1533947634,Descent2e,0,ROUND_OVER,117,12,5,2,1.4285714285714286,OSLA,-0.7142857142857143,-0.7142857142857143,-0.42857142857142855,0.7142857142857143,-0.7142857142857143,-0.7142857142857143,OSLA,OSLA,OSLA,OSLA
-1533947634,Descent2e,1,ACTION_CHOSEN,118,0,5,2,1.4285714285714286,OSLA,-0.7142857142857143,-0.7142857142857143,-0.42857142857142855,0.7142857142857143,-0.7142857142857143,-0.7142857142857143,OSLA,OSLA,OSLA,OSLA
-1533947634,Descent2e,1,ACTION_CHOSEN,119,0,5,2,1.4285714285714286,OSLA,-0.7142857142857143,-0.7142857142857143,-0.42857142857142855,0.7142857142857143,-0.7142857142857143,-0.7142857142857143,OSLA,OSLA,OSLA,OSLA
-1533947634,Descent2e,1,ACTION_CHOSEN,120,0,5,2,1.4285714285714286,OSLA,-0.7142857142857143,-0.7142857142857143,-0.42857142857142855,0.7142857142857143,-0.7142857142857143,-0.7142857142857143,OSLA,OSLA,OSLA,OSLA
-1533947634,Descent2e,1,ACTION_CHOSEN,121,0,5,2,1.4285714285714286,OSLA,-0.7142857142857143,-0.7142857142857143,-0.42857142857142855,0.7142857142857143,-0.7142857142857143,-0.7142857142857143,OSLA,OSLA,OSLA,OSLA
-1533947634,Descent2e,1,ACTION_CHOSEN,122,0,5,2,1.4285714285714286,OSLA,-0.7142857142857143,-0.7142857142857143,-0.42857142857142855,0.7142857142857143,-0.7142857142857143,-0.7142857142857143,OSLA,OSLA,OSLA,OSLA
-1533947634,Descent2e,1,ACTION_CHOSEN,123,0,5,2,1.4285714285714286,OSLA,-0.7142857142857143,-0.7142857142857143,-0.42857142857142855,0.7142857142857143,-0.7142857142857143,-0.7142857142857143,OSLA,OSLA,OSLA,OSLA
-1533947634,Descent2e,1,ACTION_CHOSEN,124,1,5,2,1.4285714285714286,OSLA,-0.7142857142857143,-0.7142857142857143,-0.42857142857142855,0.7142857142857143,-0.7142857142857143,-0.7142857142857143,OSLA,OSLA,OSLA,OSLA
-1533947634,Descent2e,1,ACTION_CHOSEN,125,1,5,2,1.4285714285714286,OSLA,-0.7142857142857143,-0.7142857142857143,-0.42857142857142855,0.7142857142857143,-0.7142857142857143,-0.7142857142857143,OSLA,OSLA,OSLA,OSLA
-1533947634,Descent2e,1,ACTION_CHOSEN,126,1,5,2,1.4285714285714286,OSLA,-0.7142857142857143,-0.7142857142857143,-0.42857142857142855,0.7142857142857143,-0.7142857142857143,-0.7142857142857143,OSLA,OSLA,OSLA,OSLA
-1533947634,Descent2e,1,ACTION_CHOSEN,127,1,5,2,1.4285714285714286,OSLA,-0.7142857142857143,-0.7142857142857143,-0.42857142857142855,0.7142857142857143,-0.7142857142857143,-0.7142857142857143,OSLA,OSLA,OSLA,OSLA
-1533947634,Descent2e,1,ACTION_CHOSEN,128,1,5,2,1.4285714285714286,OSLA,-0.7142857142857143,-0.7142857142857143,-0.42857142857142855,0.7142857142857143,-0.7142857142857143,-0.7142857142857143,OSLA,OSLA,OSLA,OSLA
-1533947634,Descent2e,1,ACTION_CHOSEN,129,2,5,2,1.4285714285714286,OSLA,-0.7142857142857143,-0.7142857142857143,-0.42857142857142855,0.7142857142857143,-0.7142857142857143,-0.7142857142857143,OSLA,OSLA,OSLA,OSLA
-1533947634,Descent2e,1,ACTION_CHOSEN,130,2,5,2,1.4285714285714286,OSLA,-0.7142857142857143,-0.7142857142857143,-0.42857142857142855,0.7142857142857143,-0.7142857142857143,-0.7142857142857143,OSLA,OSLA,OSLA,OSLA
-1533947634,Descent2e,1,ACTION_CHOSEN,131,3,5,2,1.4285714285714286,OSLA,-0.7142857142857143,-0.7142857142857143,-0.42857142857142855,0.7142857142857143,-0.7142857142857143,-0.7142857142857143,OSLA,OSLA,OSLA,OSLA
-1533947634,Descent2e,1,ACTION_CHOSEN,132,3,5,2,1.4285714285714286,OSLA,-0.7142857142857143,-0.7142857142857143,-0.42857142857142855,0.7142857142857143,-0.7142857142857143,-0.7142857142857143,OSLA,OSLA,OSLA,OSLA
-1533947634,Descent2e,1,ACTION_CHOSEN,133,3,5,2,1.4285714285714286,OSLA,-0.7142857142857143,-0.7142857142857143,-0.42857142857142855,0.7142857142857143,-0.7142857142857143,-0.7142857142857143,OSLA,OSLA,OSLA,OSLA
-1533947634,Descent2e,1,ACTION_CHOSEN,134,3,5,2,1.4285714285714286,OSLA,-0.7142857142857143,-0.7142857142857143,-0.42857142857142855,0.7142857142857143,-0.7142857142857143,-0.7142857142857143,OSLA,OSLA,OSLA,OSLA
-1533947634,Descent2e,1,ACTION_CHOSEN,135,3,5,2,1.4285714285714286,OSLA,-0.7142857142857143,-0.7142857142857143,-0.42857142857142855,0.7142857142857143,-0.7142857142857143,-0.7142857142857143,OSLA,OSLA,OSLA,OSLA
-1533947634,Descent2e,1,ACTION_CHOSEN,136,3,5,2,1.4285714285714286,OSLA,-0.7142857142857143,-0.7142857142857143,-0.42857142857142855,0.7142857142857143,-0.7142857142857143,-0.7142857142857143,OSLA,OSLA,OSLA,OSLA
-1533947634,Descent2e,1,ACTION_CHOSEN,137,3,5,2,1.4285714285714286,OSLA,-0.7142857142857143,-0.7142857142857143,-0.42857142857142855,0.7142857142857143,-0.7142857142857143,-0.7142857142857143,OSLA,OSLA,OSLA,OSLA
-1533947634,Descent2e,1,ACTION_CHOSEN,138,3,5,2,1.4285714285714286,OSLA,-0.7142857142857143,-0.7142857142857143,-0.42857142857142855,0.7142857142857143,-0.7142857142857143,-0.7142857142857143,OSLA,OSLA,OSLA,OSLA
-1533947634,Descent2e,1,ACTION_CHOSEN,139,4,5,2,2.857142857142857,OSLA,-1.4285714285714286,-1.4285714285714286,-0.8571428571428571,1.4285714285714286,-1.4285714285714286,-1.4285714285714286,OSLA,OSLA,OSLA,OSLA
-1533947634,Descent2e,1,ACTION_CHOSEN,140,5,5,2,2.857142857142857,OSLA,-1.4285714285714286,-1.4285714285714286,-0.8571428571428571,1.4285714285714286,-1.4285714285714286,-1.4285714285714286,OSLA,OSLA,OSLA,OSLA
-1533947634,Descent2e,1,ACTION_CHOSEN,141,5,5,2,2.857142857142857,OSLA,-1.4285714285714286,-1.4285714285714286,-0.8571428571428571,1.4285714285714286,-1.4285714285714286,-1.4285714285714286,OSLA,OSLA,OSLA,OSLA
-1533947634,Descent2e,1,ACTION_CHOSEN,142,5,5,2,2.857142857142857,OSLA,-1.4285714285714286,-1.4285714285714286,-0.8571428571428571,1.4285714285714286,-1.4285714285714286,-1.4285714285714286,OSLA,OSLA,OSLA,OSLA
-1533947634,Descent2e,1,ACTION_CHOSEN,143,5,5,2,2.857142857142857,OSLA,-1.4285714285714286,-1.4285714285714286,-0.8571428571428571,1.4285714285714286,-1.4285714285714286,-1.4285714285714286,OSLA,OSLA,OSLA,OSLA
-1533947634,Descent2e,1,ACTION_CHOSEN,144,5,5,2,2.857142857142857,OSLA,-1.4285714285714286,-1.4285714285714286,-0.8571428571428571,1.4285714285714286,-1.4285714285714286,-1.4285714285714286,OSLA,OSLA,OSLA,OSLA
-1533947634,Descent2e,1,ACTION_CHOSEN,145,5,5,2,2.857142857142857,OSLA,-1.4285714285714286,-1.4285714285714286,-0.8571428571428571,1.4285714285714286,-1.4285714285714286,-1.4285714285714286,OSLA,OSLA,OSLA,OSLA
-1533947634,Descent2e,1,ACTION_CHOSEN,146,6,5,2,2.857142857142857,OSLA,-1.4285714285714286,-1.4285714285714286,-0.8571428571428571,1.4285714285714286,-1.4285714285714286,-1.4285714285714286,OSLA,OSLA,OSLA,OSLA
-1533947634,Descent2e,1,ACTION_CHOSEN,147,6,5,2,2.857142857142857,OSLA,-1.4285714285714286,-1.4285714285714286,-0.8571428571428571,1.4285714285714286,-1.4285714285714286,-1.4285714285714286,OSLA,OSLA,OSLA,OSLA
-1533947634,Descent2e,1,ACTION_CHOSEN,148,6,5,2,2.857142857142857,OSLA,-1.4285714285714286,-1.4285714285714286,-0.8571428571428571,1.4285714285714286,-1.4285714285714286,-1.4285714285714286,OSLA,OSLA,OSLA,OSLA
-1533947634,Descent2e,1,ACTION_CHOSEN,149,6,5,2,2.857142857142857,OSLA,-1.4285714285714286,-1.4285714285714286,-0.8571428571428571,1.4285714285714286,-1.4285714285714286,-1.4285714285714286,OSLA,OSLA,OSLA,OSLA
-1533947634,Descent2e,1,ACTION_CHOSEN,150,6,5,2,2.857142857142857,OSLA,-1.4285714285714286,-1.4285714285714286,-0.8571428571428571,1.4285714285714286,-1.4285714285714286,-1.4285714285714286,OSLA,OSLA,OSLA,OSLA
-1533947634,Descent2e,1,ACTION_CHOSEN,151,6,5,2,2.857142857142857,OSLA,-1.4285714285714286,-1.4285714285714286,-0.8571428571428571,1.4285714285714286,-1.4285714285714286,-1.4285714285714286,OSLA,OSLA,OSLA,OSLA
-1533947634,Descent2e,1,ACTION_CHOSEN,152,7,5,2,2.857142857142857,OSLA,-1.4285714285714286,-1.4285714285714286,-0.8571428571428571,1.4285714285714286,-1.4285714285714286,-1.4285714285714286,OSLA,OSLA,OSLA,OSLA
-1533947634,Descent2e,1,ACTION_CHOSEN,153,7,5,2,2.857142857142857,OSLA,-1.4285714285714286,-1.4285714285714286,-0.8571428571428571,1.4285714285714286,-1.4285714285714286,-1.4285714285714286,OSLA,OSLA,OSLA,OSLA
-1533947634,Descent2e,1,ACTION_CHOSEN,154,7,5,2,2.857142857142857,OSLA,-1.4285714285714286,-1.4285714285714286,-0.8571428571428571,1.4285714285714286,-1.4285714285714286,-1.4285714285714286,OSLA,OSLA,OSLA,OSLA
-1533947634,Descent2e,1,ACTION_CHOSEN,155,7,5,2,2.857142857142857,OSLA,-1.4285714285714286,-1.4285714285714286,-0.8571428571428571,1.4285714285714286,-1.4285714285714286,-1.4285714285714286,OSLA,OSLA,OSLA,OSLA
-1533947634,Descent2e,1,ACTION_CHOSEN,156,7,5,2,2.857142857142857,OSLA,-1.4285714285714286,-1.4285714285714286,-0.8571428571428571,1.4285714285714286,-1.4285714285714286,-1.4285714285714286,OSLA,OSLA,OSLA,OSLA
-1533947634,Descent2e,1,ACTION_CHOSEN,157,7,5,2,2.857142857142857,OSLA,-1.4285714285714286,-1.4285714285714286,-0.8571428571428571,1.4285714285714286,-1.4285714285714286,-1.4285714285714286,OSLA,OSLA,OSLA,OSLA
-1533947634,Descent2e,1,ACTION_CHOSEN,158,7,5,2,2.857142857142857,OSLA,-1.4285714285714286,-1.4285714285714286,-0.8571428571428571,1.4285714285714286,-1.4285714285714286,-1.4285714285714286,OSLA,OSLA,OSLA,OSLA
-1533947634,Descent2e,1,ACTION_CHOSEN,159,7,5,2,2.857142857142857,OSLA,-1.4285714285714286,-1.4285714285714286,-0.8571428571428571,1.4285714285714286,-1.4285714285714286,-1.4285714285714286,OSLA,OSLA,OSLA,OSLA
-1533947634,Descent2e,1,ACTION_CHOSEN,160,7,5,2,2.857142857142857,OSLA,-1.4285714285714286,-1.4285714285714286,-0.8571428571428571,1.4285714285714286,-1.4285714285714286,-1.4285714285714286,OSLA,OSLA,OSLA,OSLA
-1533947634,Descent2e,1,ACTION_CHOSEN,161,7,5,2,2.857142857142857,OSLA,-1.4285714285714286,-1.4285714285714286,-0.8571428571428571,1.4285714285714286,-1.4285714285714286,-1.4285714285714286,OSLA,OSLA,OSLA,OSLA
-1533947634,Descent2e,1,ACTION_CHOSEN,162,7,5,2,2.857142857142857,OSLA,-1.4285714285714286,-1.4285714285714286,-0.8571428571428571,1.4285714285714286,-1.4285714285714286,-1.4285714285714286,OSLA,OSLA,OSLA,OSLA
-1533947634,Descent2e,1,ACTION_CHOSEN,163,7,5,2,2.857142857142857,OSLA,-1.4285714285714286,-1.4285714285714286,-0.8571428571428571,1.4285714285714286,-1.4285714285714286,-1.4285714285714286,OSLA,OSLA,OSLA,OSLA
-1533947634,Descent2e,1,ACTION_CHOSEN,164,8,5,2,2.857142857142857,OSLA,-1.4285714285714286,-1.4285714285714286,-0.8571428571428571,1.4285714285714286,-1.4285714285714286,-1.4285714285714286,OSLA,OSLA,OSLA,OSLA
-1533947634,Descent2e,1,ACTION_CHOSEN,165,9,5,2,2.857142857142857,OSLA,-1.4285714285714286,-1.4285714285714286,-0.8571428571428571,1.4285714285714286,-1.4285714285714286,-1.4285714285714286,OSLA,OSLA,OSLA,OSLA
-1533947634,Descent2e,1,ACTION_CHOSEN,166,9,5,2,2.857142857142857,OSLA,-1.4285714285714286,-1.4285714285714286,-0.8571428571428571,1.4285714285714286,-1.4285714285714286,-1.4285714285714286,OSLA,OSLA,OSLA,OSLA
-1533947634,Descent2e,1,ACTION_CHOSEN,167,9,5,2,2.857142857142857,OSLA,-1.4285714285714286,-1.4285714285714286,-0.8571428571428571,1.4285714285714286,-1.4285714285714286,-1.4285714285714286,OSLA,OSLA,OSLA,OSLA
-1533947634,Descent2e,1,ACTION_CHOSEN,168,9,5,2,2.857142857142857,OSLA,-1.4285714285714286,-1.4285714285714286,-0.8571428571428571,1.4285714285714286,-1.4285714285714286,-1.4285714285714286,OSLA,OSLA,OSLA,OSLA
-1533947634,Descent2e,1,ACTION_CHOSEN,169,9,5,2,2.857142857142857,OSLA,-1.4285714285714286,-1.4285714285714286,-0.8571428571428571,1.4285714285714286,-1.4285714285714286,-1.4285714285714286,OSLA,OSLA,OSLA,OSLA
-1533947634,Descent2e,1,ACTION_CHOSEN,170,9,5,2,2.857142857142857,OSLA,-1.4285714285714286,-1.4285714285714286,-0.8571428571428571,1.4285714285714286,-1.4285714285714286,-1.4285714285714286,OSLA,OSLA,OSLA,OSLA
-1533947634,Descent2e,1,ACTION_CHOSEN,171,10,5,2,2.857142857142857,OSLA,-1.4285714285714286,-1.4285714285714286,-0.8571428571428571,1.4285714285714286,-1.4285714285714286,-1.4285714285714286,OSLA,OSLA,OSLA,OSLA
-1533947634,Descent2e,1,ACTION_CHOSEN,172,11,5,2,2.857142857142857,OSLA,-1.4285714285714286,-1.4285714285714286,-0.8571428571428571,1.4285714285714286,-1.4285714285714286,-1.4285714285714286,OSLA,OSLA,OSLA,OSLA
-1533947634,Descent2e,1,ACTION_CHOSEN,173,11,5,2,2.857142857142857,OSLA,-1.4285714285714286,-1.4285714285714286,-0.8571428571428571,1.4285714285714286,-1.4285714285714286,-1.4285714285714286,OSLA,OSLA,OSLA,OSLA
-1533947634,Descent2e,1,ACTION_CHOSEN,174,11,5,2,2.857142857142857,OSLA,-1.4285714285714286,-1.4285714285714286,-0.8571428571428571,1.4285714285714286,-1.4285714285714286,-1.4285714285714286,OSLA,OSLA,OSLA,OSLA
-1533947634,Descent2e,1,ACTION_CHOSEN,175,11,5,2,2.857142857142857,OSLA,-1.4285714285714286,-1.4285714285714286,-0.8571428571428571,1.4285714285714286,-1.4285714285714286,-1.4285714285714286,OSLA,OSLA,OSLA,OSLA
-1533947634,Descent2e,1,ACTION_CHOSEN,176,11,5,2,2.857142857142857,OSLA,-1.4285714285714286,-1.4285714285714286,-0.8571428571428571,1.4285714285714286,-1.4285714285714286,-1.4285714285714286,OSLA,OSLA,OSLA,OSLA
-1533947634,Descent2e,1,ACTION_CHOSEN,177,11,5,2,2.857142857142857,OSLA,-1.4285714285714286,-1.4285714285714286,-0.8571428571428571,1.4285714285714286,-1.4285714285714286,-1.4285714285714286,OSLA,OSLA,OSLA,OSLA
-1533947634,Descent2e,1,ROUND_OVER,177,12,5,2,4.285714285714286,OSLA,-2.142857142857143,-2.142857142857143,-1.2857142857142858,2.142857142857143,-2.142857142857143,-2.142857142857143,OSLA,OSLA,OSLA,OSLA
-1533947634,Descent2e,2,ACTION_CHOSEN,178,0,5,2,4.285714285714286,OSLA,-2.142857142857143,-2.142857142857143,-1.2857142857142858,2.142857142857143,-2.142857142857143,-2.142857142857143,OSLA,OSLA,OSLA,OSLA
-1533947634,Descent2e,2,ACTION_CHOSEN,179,0,5,2,4.285714285714286,OSLA,-2.142857142857143,-2.142857142857143,-1.2857142857142858,2.142857142857143,-2.142857142857143,-2.142857142857143,OSLA,OSLA,OSLA,OSLA
-1533947634,Descent2e,2,ACTION_CHOSEN,180,0,5,2,4.285714285714286,OSLA,-2.142857142857143,-2.142857142857143,-1.2857142857142858,2.142857142857143,-2.142857142857143,-2.142857142857143,OSLA,OSLA,OSLA,OSLA
-1533947634,Descent2e,2,ACTION_CHOSEN,181,0,5,2,4.285714285714286,OSLA,-2.142857142857143,-2.142857142857143,-1.2857142857142858,2.142857142857143,-2.142857142857143,-2.142857142857143,OSLA,OSLA,OSLA,OSLA
-1533947634,Descent2e,2,ACTION_CHOSEN,182,0,5,2,4.285714285714286,OSLA,-2.142857142857143,-2.142857142857143,-1.2857142857142858,2.142857142857143,-2.142857142857143,-2.142857142857143,OSLA,OSLA,OSLA,OSLA
-1533947634,Descent2e,2,ACTION_CHOSEN,183,0,5,2,4.285714285714286,OSLA,-2.142857142857143,-2.142857142857143,-1.2857142857142858,2.142857142857143,-2.142857142857143,-2.142857142857143,OSLA,OSLA,OSLA,OSLA
-1533947634,Descent2e,2,ACTION_CHOSEN,184,0,5,2,4.285714285714286,OSLA,-2.142857142857143,-2.142857142857143,-1.2857142857142858,2.142857142857143,-2.142857142857143,-2.142857142857143,OSLA,OSLA,OSLA,OSLA
-1533947634,Descent2e,2,ACTION_CHOSEN,185,0,5,2,4.285714285714286,OSLA,-2.142857142857143,-2.142857142857143,-1.2857142857142858,2.142857142857143,-2.142857142857143,-2.142857142857143,OSLA,OSLA,OSLA,OSLA
-1533947634,Descent2e,2,ACTION_CHOSEN,186,0,5,2,4.285714285714286,OSLA,-2.142857142857143,-2.142857142857143,-1.2857142857142858,2.142857142857143,-2.142857142857143,-2.142857142857143,OSLA,OSLA,OSLA,OSLA
-1533947634,Descent2e,2,ACTION_CHOSEN,187,1,5,2,4.285714285714286,OSLA,-2.142857142857143,-2.142857142857143,-1.2857142857142858,2.142857142857143,-2.142857142857143,-2.142857142857143,OSLA,OSLA,OSLA,OSLA
-1533947634,Descent2e,2,ACTION_CHOSEN,188,1,5,2,4.285714285714286,OSLA,-2.142857142857143,-2.142857142857143,-1.2857142857142858,2.142857142857143,-2.142857142857143,-2.142857142857143,OSLA,OSLA,OSLA,OSLA
-1533947634,Descent2e,2,ACTION_CHOSEN,189,1,5,2,4.285714285714286,OSLA,-2.142857142857143,-2.142857142857143,-1.2857142857142858,2.142857142857143,-2.142857142857143,-2.142857142857143,OSLA,OSLA,OSLA,OSLA
-1533947634,Descent2e,2,ACTION_CHOSEN,190,1,5,2,4.285714285714286,OSLA,-2.142857142857143,-2.142857142857143,-1.2857142857142858,2.142857142857143,-2.142857142857143,-2.142857142857143,OSLA,OSLA,OSLA,OSLA
-1533947634,Descent2e,2,ACTION_CHOSEN,191,1,5,2,4.285714285714286,OSLA,-2.142857142857143,-2.142857142857143,-1.2857142857142858,2.142857142857143,-2.142857142857143,-2.142857142857143,OSLA,OSLA,OSLA,OSLA
-1533947634,Descent2e,2,ACTION_CHOSEN,192,2,5,2,4.285714285714286,OSLA,-2.142857142857143,-2.142857142857143,-1.2857142857142858,2.142857142857143,-2.142857142857143,-2.142857142857143,OSLA,OSLA,OSLA,OSLA
-1533947634,Descent2e,2,ACTION_CHOSEN,193,2,5,2,4.285714285714286,OSLA,-2.142857142857143,-2.142857142857143,-1.2857142857142858,2.142857142857143,-2.142857142857143,-2.142857142857143,OSLA,OSLA,OSLA,OSLA
-1533947634,Descent2e,2,ACTION_CHOSEN,194,2,5,2,4.285714285714286,OSLA,-2.142857142857143,-2.142857142857143,-1.2857142857142858,2.142857142857143,-2.142857142857143,-2.142857142857143,OSLA,OSLA,OSLA,OSLA
-1533947634,Descent2e,2,ACTION_CHOSEN,195,2,5,2,4.285714285714286,OSLA,-2.142857142857143,-2.142857142857143,-1.2857142857142858,2.142857142857143,-2.142857142857143,-2.142857142857143,OSLA,OSLA,OSLA,OSLA
-1533947634,Descent2e,2,ACTION_CHOSEN,196,2,5,2,4.285714285714286,OSLA,-2.142857142857143,-2.142857142857143,-1.2857142857142858,2.142857142857143,-2.142857142857143,-2.142857142857143,OSLA,OSLA,OSLA,OSLA
-1533947634,Descent2e,2,ACTION_CHOSEN,197,2,5,2,4.285714285714286,OSLA,-2.142857142857143,-2.142857142857143,-1.2857142857142858,2.142857142857143,-2.142857142857143,-2.142857142857143,OSLA,OSLA,OSLA,OSLA
-1533947634,Descent2e,2,ACTION_CHOSEN,198,2,5,2,4.285714285714286,OSLA,-2.142857142857143,-2.142857142857143,-1.2857142857142858,2.142857142857143,-2.142857142857143,-2.142857142857143,OSLA,OSLA,OSLA,OSLA
-1533947634,Descent2e,2,ACTION_CHOSEN,199,2,5,2,4.285714285714286,OSLA,-2.142857142857143,-2.142857142857143,-1.2857142857142858,2.142857142857143,-2.142857142857143,-2.142857142857143,OSLA,OSLA,OSLA,OSLA
-1533947634,Descent2e,2,ACTION_CHOSEN,200,2,5,2,4.285714285714286,OSLA,-2.142857142857143,-2.142857142857143,-1.2857142857142858,2.142857142857143,-2.142857142857143,-2.142857142857143,OSLA,OSLA,OSLA,OSLA
-1533947634,Descent2e,2,ACTION_CHOSEN,201,2,5,2,4.285714285714286,OSLA,-2.142857142857143,-2.142857142857143,-1.2857142857142858,2.142857142857143,-2.142857142857143,-2.142857142857143,OSLA,OSLA,OSLA,OSLA
-1533947634,Descent2e,2,ACTION_CHOSEN,202,2,5,2,4.285714285714286,OSLA,-2.142857142857143,-2.142857142857143,-1.2857142857142858,2.142857142857143,-2.142857142857143,-2.142857142857143,OSLA,OSLA,OSLA,OSLA
-1533947634,Descent2e,2,ACTION_CHOSEN,203,3,5,2,4.285714285714286,OSLA,-2.142857142857143,-2.142857142857143,-1.2857142857142858,2.142857142857143,-2.142857142857143,-2.142857142857143,OSLA,OSLA,OSLA,OSLA
-1533947634,Descent2e,2,ACTION_CHOSEN,204,3,5,2,4.285714285714286,OSLA,-2.142857142857143,-2.142857142857143,-1.2857142857142858,2.142857142857143,-2.142857142857143,-2.142857142857143,OSLA,OSLA,OSLA,OSLA
-1533947634,Descent2e,2,ACTION_CHOSEN,205,3,5,2,4.285714285714286,OSLA,-2.142857142857143,-2.142857142857143,-1.2857142857142858,2.142857142857143,-2.142857142857143,-2.142857142857143,OSLA,OSLA,OSLA,OSLA
-1533947634,Descent2e,2,ACTION_CHOSEN,206,3,5,2,4.285714285714286,OSLA,-2.142857142857143,-2.142857142857143,-1.2857142857142858,2.142857142857143,-2.142857142857143,-2.142857142857143,OSLA,OSLA,OSLA,OSLA
-1533947634,Descent2e,2,ACTION_CHOSEN,207,3,5,2,4.285714285714286,OSLA,-2.142857142857143,-2.142857142857143,-1.2857142857142858,2.142857142857143,-2.142857142857143,-2.142857142857143,OSLA,OSLA,OSLA,OSLA
-1533947634,Descent2e,2,ACTION_CHOSEN,208,3,5,2,4.285714285714286,OSLA,-2.142857142857143,-2.142857142857143,-1.2857142857142858,2.142857142857143,-2.142857142857143,-2.142857142857143,OSLA,OSLA,OSLA,OSLA
-1533947634,Descent2e,2,ACTION_CHOSEN,209,3,5,2,4.285714285714286,OSLA,-2.142857142857143,-2.142857142857143,-1.2857142857142858,2.142857142857143,-2.142857142857143,-2.142857142857143,OSLA,OSLA,OSLA,OSLA
-1533947634,Descent2e,2,ACTION_CHOSEN,210,3,5,2,4.285714285714286,OSLA,-2.142857142857143,-2.142857142857143,-1.2857142857142858,2.142857142857143,-2.142857142857143,-2.142857142857143,OSLA,OSLA,OSLA,OSLA
-1533947634,Descent2e,2,ACTION_CHOSEN,211,3,5,2,4.285714285714286,OSLA,-2.142857142857143,-2.142857142857143,-1.2857142857142858,2.142857142857143,-2.142857142857143,-2.142857142857143,OSLA,OSLA,OSLA,OSLA
-1533947634,Descent2e,2,ACTION_CHOSEN,212,4,5,2,5.714285714285714,OSLA,-2.857142857142857,-2.857142857142857,-1.7142857142857142,2.857142857142857,-2.857142857142857,-2.857142857142857,OSLA,OSLA,OSLA,OSLA
-1533947634,Descent2e,2,ACTION_CHOSEN,213,5,5,2,5.714285714285714,OSLA,-2.857142857142857,-2.857142857142857,-1.7142857142857142,2.857142857142857,-2.857142857142857,-2.857142857142857,OSLA,OSLA,OSLA,OSLA
-1533947634,Descent2e,2,ACTION_CHOSEN,214,6,5,2,5.714285714285714,OSLA,-2.857142857142857,-2.857142857142857,-1.7142857142857142,2.857142857142857,-2.857142857142857,-2.857142857142857,OSLA,OSLA,OSLA,OSLA
-1533947634,Descent2e,2,ACTION_CHOSEN,215,7,5,2,5.714285714285714,OSLA,-2.857142857142857,-2.857142857142857,-1.7142857142857142,2.857142857142857,-2.857142857142857,-2.857142857142857,OSLA,OSLA,OSLA,OSLA
-1533947634,Descent2e,2,ACTION_CHOSEN,216,8,5,2,5.714285714285714,OSLA,-2.857142857142857,-2.857142857142857,-1.7142857142857142,2.857142857142857,-2.857142857142857,-2.857142857142857,OSLA,OSLA,OSLA,OSLA
-1533947634,Descent2e,2,ACTION_CHOSEN,217,8,5,2,5.714285714285714,OSLA,-2.857142857142857,-2.857142857142857,-1.7142857142857142,2.857142857142857,-2.857142857142857,-2.857142857142857,OSLA,OSLA,OSLA,OSLA
-1533947634,Descent2e,2,ACTION_CHOSEN,218,8,5,2,5.714285714285714,OSLA,-2.857142857142857,-2.857142857142857,-1.7142857142857142,2.857142857142857,-2.857142857142857,-2.857142857142857,OSLA,OSLA,OSLA,OSLA
-1533947634,Descent2e,2,ACTION_CHOSEN,219,8,5,2,5.714285714285714,OSLA,-2.857142857142857,-2.857142857142857,-1.7142857142857142,2.857142857142857,-2.857142857142857,-2.857142857142857,OSLA,OSLA,OSLA,OSLA
-1533947634,Descent2e,2,ACTION_CHOSEN,220,8,5,2,5.714285714285714,OSLA,-2.857142857142857,-2.857142857142857,-1.7142857142857142,2.857142857142857,-2.857142857142857,-2.857142857142857,OSLA,OSLA,OSLA,OSLA
-1533947634,Descent2e,2,ACTION_CHOSEN,221,8,5,2,5.714285714285714,OSLA,-2.857142857142857,-2.857142857142857,-1.7142857142857142,2.857142857142857,-2.857142857142857,-2.857142857142857,OSLA,OSLA,OSLA,OSLA
-1533947634,Descent2e,2,ACTION_CHOSEN,222,8,5,2,5.714285714285714,OSLA,-2.857142857142857,-2.857142857142857,-1.7142857142857142,2.857142857142857,-2.857142857142857,-2.857142857142857,OSLA,OSLA,OSLA,OSLA
-1533947634,Descent2e,2,ACTION_CHOSEN,223,8,5,2,5.714285714285714,OSLA,-2.857142857142857,-2.857142857142857,-1.7142857142857142,2.857142857142857,-2.857142857142857,-2.857142857142857,OSLA,OSLA,OSLA,OSLA
-1533947634,Descent2e,2,ACTION_CHOSEN,224,8,5,2,5.714285714285714,OSLA,-2.857142857142857,-2.857142857142857,-1.7142857142857142,2.857142857142857,-2.857142857142857,-2.857142857142857,OSLA,OSLA,OSLA,OSLA
-1533947634,Descent2e,2,ACTION_CHOSEN,225,8,5,2,5.714285714285714,OSLA,-2.857142857142857,-2.857142857142857,-1.7142857142857142,2.857142857142857,-2.857142857142857,-2.857142857142857,OSLA,OSLA,OSLA,OSLA
-1533947634,Descent2e,2,ACTION_CHOSEN,226,8,5,2,5.714285714285714,OSLA,-2.857142857142857,-2.857142857142857,-1.7142857142857142,2.857142857142857,-2.857142857142857,-2.857142857142857,OSLA,OSLA,OSLA,OSLA
-1533947634,Descent2e,2,ACTION_CHOSEN,227,8,5,2,5.714285714285714,OSLA,-2.857142857142857,-2.857142857142857,-1.7142857142857142,2.857142857142857,-2.857142857142857,-2.857142857142857,OSLA,OSLA,OSLA,OSLA
-1533947634,Descent2e,2,ACTION_CHOSEN,228,9,5,2,5.714285714285714,OSLA,-2.857142857142857,-2.857142857142857,-1.7142857142857142,2.857142857142857,-2.857142857142857,-2.857142857142857,OSLA,OSLA,OSLA,OSLA
-1533947634,Descent2e,2,ACTION_CHOSEN,229,10,5,2,5.714285714285714,OSLA,-2.857142857142857,-2.857142857142857,-1.7142857142857142,2.857142857142857,-2.857142857142857,-2.857142857142857,OSLA,OSLA,OSLA,OSLA
-1533947634,Descent2e,2,ACTION_CHOSEN,230,10,5,2,5.714285714285714,OSLA,-2.857142857142857,-2.857142857142857,-1.7142857142857142,2.857142857142857,-2.857142857142857,-2.857142857142857,OSLA,OSLA,OSLA,OSLA
-1533947634,Descent2e,2,ACTION_CHOSEN,231,10,5,2,5.714285714285714,OSLA,-2.857142857142857,-2.857142857142857,-1.7142857142857142,2.857142857142857,-2.857142857142857,-2.857142857142857,OSLA,OSLA,OSLA,OSLA
-1533947634,Descent2e,2,ACTION_CHOSEN,232,10,5,2,5.714285714285714,OSLA,-2.857142857142857,-2.857142857142857,-1.7142857142857142,2.857142857142857,-2.857142857142857,-2.857142857142857,OSLA,OSLA,OSLA,OSLA
-1533947634,Descent2e,2,ACTION_CHOSEN,233,10,5,2,5.714285714285714,OSLA,-2.857142857142857,-2.857142857142857,-1.7142857142857142,2.857142857142857,-2.857142857142857,-2.857142857142857,OSLA,OSLA,OSLA,OSLA
-1533947634,Descent2e,2,ACTION_CHOSEN,234,10,5,2,5.714285714285714,OSLA,-2.857142857142857,-2.857142857142857,-1.7142857142857142,2.857142857142857,-2.857142857142857,-2.857142857142857,OSLA,OSLA,OSLA,OSLA
-1533947634,Descent2e,2,ACTION_CHOSEN,235,10,5,2,5.714285714285714,OSLA,-2.857142857142857,-2.857142857142857,-1.7142857142857142,2.857142857142857,-2.857142857142857,-2.857142857142857,OSLA,OSLA,OSLA,OSLA
-1533947634,Descent2e,2,ACTION_CHOSEN,236,10,5,2,5.714285714285714,OSLA,-2.857142857142857,-2.857142857142857,-1.7142857142857142,2.857142857142857,-2.857142857142857,-2.857142857142857,OSLA,OSLA,OSLA,OSLA
-1533947634,Descent2e,2,ACTION_CHOSEN,237,11,5,2,5.714285714285714,OSLA,-2.857142857142857,-2.857142857142857,-1.7142857142857142,2.857142857142857,-2.857142857142857,-2.857142857142857,OSLA,OSLA,OSLA,OSLA
-1533947634,Descent2e,2,ACTION_CHOSEN,238,12,5,2,5.714285714285714,OSLA,-2.857142857142857,-2.857142857142857,-1.7142857142857142,2.857142857142857,-2.857142857142857,-2.857142857142857,OSLA,OSLA,OSLA,OSLA
-1533947634,Descent2e,2,ACTION_CHOSEN,239,12,5,2,5.714285714285714,OSLA,-2.857142857142857,-2.857142857142857,-1.7142857142857142,2.857142857142857,-2.857142857142857,-2.857142857142857,OSLA,OSLA,OSLA,OSLA
-1533947634,Descent2e,2,ACTION_CHOSEN,240,12,5,2,5.714285714285714,OSLA,-2.857142857142857,-2.857142857142857,-1.7142857142857142,2.857142857142857,-2.857142857142857,-2.857142857142857,OSLA,OSLA,OSLA,OSLA
-1533947634,Descent2e,2,ACTION_CHOSEN,241,12,5,2,5.714285714285714,OSLA,-2.857142857142857,-2.857142857142857,-1.7142857142857142,2.857142857142857,-2.857142857142857,-2.857142857142857,OSLA,OSLA,OSLA,OSLA
-1533947634,Descent2e,2,ACTION_CHOSEN,242,12,5,2,5.714285714285714,OSLA,-2.857142857142857,-2.857142857142857,-1.7142857142857142,2.857142857142857,-2.857142857142857,-2.857142857142857,OSLA,OSLA,OSLA,OSLA
-1533947634,Descent2e,2,ACTION_CHOSEN,243,12,5,2,5.714285714285714,OSLA,-2.857142857142857,-2.857142857142857,-1.7142857142857142,2.857142857142857,-2.857142857142857,-2.857142857142857,OSLA,OSLA,OSLA,OSLA
-1533947634,Descent2e,2,ROUND_OVER,243,13,5,2,7.142857142857143,OSLA,-3.5714285714285716,-3.5714285714285716,-2.1428571428571432,3.5714285714285716,-3.5714285714285716,-3.5714285714285716,OSLA,OSLA,OSLA,OSLA
-1533947634,Descent2e,3,ACTION_CHOSEN,244,0,5,2,7.142857142857143,OSLA,-3.5714285714285716,-3.5714285714285716,-2.1428571428571432,3.5714285714285716,-3.5714285714285716,-3.5714285714285716,OSLA,OSLA,OSLA,OSLA
-1533947634,Descent2e,3,ACTION_CHOSEN,245,0,5,2,7.142857142857143,OSLA,-3.5714285714285716,-3.5714285714285716,-2.1428571428571432,3.5714285714285716,-3.5714285714285716,-3.5714285714285716,OSLA,OSLA,OSLA,OSLA
-1533947634,Descent2e,3,ACTION_CHOSEN,246,0,5,2,7.142857142857143,OSLA,-3.5714285714285716,-3.5714285714285716,-2.1428571428571432,3.5714285714285716,-3.5714285714285716,-3.5714285714285716,OSLA,OSLA,OSLA,OSLA
-1533947634,Descent2e,3,ACTION_CHOSEN,247,0,5,2,7.142857142857143,OSLA,-3.5714285714285716,-3.5714285714285716,-2.1428571428571432,3.5714285714285716,-3.5714285714285716,-3.5714285714285716,OSLA,OSLA,OSLA,OSLA
-1533947634,Descent2e,3,ACTION_CHOSEN,248,0,5,2,7.142857142857143,OSLA,-3.5714285714285716,-3.5714285714285716,-2.1428571428571432,3.5714285714285716,-3.5714285714285716,-3.5714285714285716,OSLA,OSLA,OSLA,OSLA
-1533947634,Descent2e,3,ACTION_CHOSEN,249,0,5,2,7.142857142857143,OSLA,-3.5714285714285716,-3.5714285714285716,-2.1428571428571432,3.5714285714285716,-3.5714285714285716,-3.5714285714285716,OSLA,OSLA,OSLA,OSLA
-1533947634,Descent2e,3,ACTION_CHOSEN,250,0,5,2,7.142857142857143,OSLA,-3.5714285714285716,-3.5714285714285716,-2.1428571428571432,3.5714285714285716,-3.5714285714285716,-3.5714285714285716,OSLA,OSLA,OSLA,OSLA
-1533947634,Descent2e,3,ACTION_CHOSEN,251,0,5,2,7.142857142857143,OSLA,-3.5714285714285716,-3.5714285714285716,-2.1428571428571432,3.5714285714285716,-3.5714285714285716,-3.5714285714285716,OSLA,OSLA,OSLA,OSLA
-1533947634,Descent2e,3,ACTION_CHOSEN,252,1,5,2,7.142857142857143,OSLA,-3.5714285714285716,-3.5714285714285716,-2.1428571428571432,3.5714285714285716,-3.5714285714285716,-3.5714285714285716,OSLA,OSLA,OSLA,OSLA
-1533947634,Descent2e,3,ACTION_CHOSEN,253,1,5,2,7.142857142857143,OSLA,-3.5714285714285716,-3.5714285714285716,-2.1428571428571432,3.5714285714285716,-3.5714285714285716,-3.5714285714285716,OSLA,OSLA,OSLA,OSLA
-1533947634,Descent2e,3,ACTION_CHOSEN,254,1,5,2,7.142857142857143,OSLA,-3.5714285714285716,-3.5714285714285716,-2.1428571428571432,3.5714285714285716,-3.5714285714285716,-3.5714285714285716,OSLA,OSLA,OSLA,OSLA
-1533947634,Descent2e,3,ACTION_CHOSEN,255,1,5,2,7.142857142857143,OSLA,-3.5714285714285716,-3.5714285714285716,-2.1428571428571432,3.5714285714285716,-3.5714285714285716,-3.5714285714285716,OSLA,OSLA,OSLA,OSLA
-1533947634,Descent2e,3,ACTION_CHOSEN,256,1,5,2,7.142857142857143,OSLA,-3.5714285714285716,-3.5714285714285716,-2.1428571428571432,3.5714285714285716,-3.5714285714285716,-3.5714285714285716,OSLA,OSLA,OSLA,OSLA
-1533947634,Descent2e,3,ACTION_CHOSEN,257,1,5,2,7.142857142857143,OSLA,-3.5714285714285716,-3.5714285714285716,-2.1428571428571432,3.5714285714285716,-3.5714285714285716,-3.5714285714285716,OSLA,OSLA,OSLA,OSLA
-1533947634,Descent2e,3,ACTION_CHOSEN,258,1,5,2,7.142857142857143,OSLA,-3.5714285714285716,-3.5714285714285716,-2.1428571428571432,3.5714285714285716,-3.5714285714285716,-3.5714285714285716,OSLA,OSLA,OSLA,OSLA
-1533947634,Descent2e,3,ACTION_CHOSEN,259,1,5,2,7.142857142857143,OSLA,-3.5714285714285716,-3.5714285714285716,-2.1428571428571432,3.5714285714285716,-3.5714285714285716,-3.5714285714285716,OSLA,OSLA,OSLA,OSLA
-1533947634,Descent2e,3,ACTION_CHOSEN,260,1,5,2,7.142857142857143,OSLA,-3.5714285714285716,-3.5714285714285716,-2.1428571428571432,3.5714285714285716,-3.5714285714285716,-3.5714285714285716,OSLA,OSLA,OSLA,OSLA
-1533947634,Descent2e,3,ACTION_CHOSEN,261,1,5,2,7.142857142857143,OSLA,-3.5714285714285716,-3.5714285714285716,-2.1428571428571432,3.5714285714285716,-3.5714285714285716,-3.5714285714285716,OSLA,OSLA,OSLA,OSLA
-1533947634,Descent2e,3,ACTION_CHOSEN,262,2,5,2,7.142857142857143,OSLA,-3.5714285714285716,-3.5714285714285716,-2.1428571428571432,3.5714285714285716,-3.5714285714285716,-3.5714285714285716,OSLA,OSLA,OSLA,OSLA
-1533947634,Descent2e,3,ACTION_CHOSEN,263,2,5,2,7.142857142857143,OSLA,-3.5714285714285716,-3.5714285714285716,-2.1428571428571432,3.5714285714285716,-3.5714285714285716,-3.5714285714285716,OSLA,OSLA,OSLA,OSLA
-1533947634,Descent2e,3,ACTION_CHOSEN,264,3,5,2,7.142857142857143,OSLA,-3.5714285714285716,-3.5714285714285716,-2.1428571428571432,3.5714285714285716,-3.5714285714285716,-3.5714285714285716,OSLA,OSLA,OSLA,OSLA
-1533947634,Descent2e,3,ACTION_CHOSEN,265,3,5,2,2.1428571428571432,OSLA,-1.0714285714285716,-1.0714285714285716,-0.642857142857143,1.0714285714285716,-1.0714285714285716,-1.0714285714285716,OSLA,OSLA,OSLA,OSLA
-1533947634,Descent2e,3,ACTION_CHOSEN,266,3,5,2,2.1428571428571432,OSLA,-1.0714285714285716,-1.0714285714285716,-0.642857142857143,1.0714285714285716,-1.0714285714285716,-1.0714285714285716,OSLA,OSLA,OSLA,OSLA
-1533947634,Descent2e,3,ACTION_CHOSEN,267,3,5,2,2.1428571428571432,OSLA,-1.0714285714285716,-1.0714285714285716,-0.642857142857143,1.0714285714285716,-1.0714285714285716,-1.0714285714285716,OSLA,OSLA,OSLA,OSLA
-1533947634,Descent2e,3,ACTION_CHOSEN,268,3,5,2,2.1428571428571432,OSLA,-1.0714285714285716,-1.0714285714285716,-0.642857142857143,1.0714285714285716,-1.0714285714285716,-1.0714285714285716,OSLA,OSLA,OSLA,OSLA
-1533947634,Descent2e,3,ACTION_CHOSEN,269,3,5,2,2.1428571428571432,OSLA,-1.0714285714285716,-1.0714285714285716,-0.642857142857143,1.0714285714285716,-1.0714285714285716,-1.0714285714285716,OSLA,OSLA,OSLA,OSLA
-1533947634,Descent2e,3,ACTION_CHOSEN,270,3,5,2,2.1428571428571432,OSLA,-1.0714285714285716,-1.0714285714285716,-0.642857142857143,1.0714285714285716,-1.0714285714285716,-1.0714285714285716,OSLA,OSLA,OSLA,OSLA
-1533947634,Descent2e,3,ACTION_CHOSEN,271,3,5,2,2.1428571428571432,OSLA,-1.0714285714285716,-1.0714285714285716,-0.642857142857143,1.0714285714285716,-1.0714285714285716,-1.0714285714285716,OSLA,OSLA,OSLA,OSLA
-1533947634,Descent2e,3,ACTION_CHOSEN,272,3,5,2,2.1428571428571432,OSLA,-1.0714285714285716,-1.0714285714285716,-0.642857142857143,1.0714285714285716,-1.0714285714285716,-1.0714285714285716,OSLA,OSLA,OSLA,OSLA
-1533947634,Descent2e,3,ACTION_CHOSEN,273,4,5,2,3.571428571428571,OSLA,-1.7857142857142856,-1.7857142857142856,-1.0714285714285714,1.7857142857142856,-1.7857142857142856,-1.7857142857142856,OSLA,OSLA,OSLA,OSLA
-1533947634,Descent2e,3,ACTION_CHOSEN,274,5,5,2,3.571428571428571,OSLA,-1.7857142857142856,-1.7857142857142856,-1.0714285714285714,1.7857142857142856,-1.7857142857142856,-1.7857142857142856,OSLA,OSLA,OSLA,OSLA
-1533947634,Descent2e,3,ACTION_CHOSEN,275,6,5,2,3.571428571428571,OSLA,-1.7857142857142856,-1.7857142857142856,-1.0714285714285714,1.7857142857142856,-1.7857142857142856,-1.7857142857142856,OSLA,OSLA,OSLA,OSLA
-1533947634,Descent2e,3,ACTION_CHOSEN,276,7,5,2,3.571428571428571,OSLA,-1.7857142857142856,-1.7857142857142856,-1.0714285714285714,1.7857142857142856,-1.7857142857142856,-1.7857142857142856,OSLA,OSLA,OSLA,OSLA
-1533947634,Descent2e,3,ACTION_CHOSEN,277,8,5,2,3.571428571428571,OSLA,-1.7857142857142856,-1.7857142857142856,-1.0714285714285714,1.7857142857142856,-1.7857142857142856,-1.7857142857142856,OSLA,OSLA,OSLA,OSLA
-1533947634,Descent2e,3,ACTION_CHOSEN,278,9,5,2,3.571428571428571,OSLA,-1.7857142857142856,-1.7857142857142856,-1.0714285714285714,1.7857142857142856,-1.7857142857142856,-1.7857142857142856,OSLA,OSLA,OSLA,OSLA
-1533947634,Descent2e,3,ACTION_CHOSEN,279,10,5,2,3.571428571428571,OSLA,-1.7857142857142856,-1.7857142857142856,-1.0714285714285714,1.7857142857142856,-1.7857142857142856,-1.7857142857142856,OSLA,OSLA,OSLA,OSLA
-1533947634,Descent2e,3,ACTION_CHOSEN,280,11,5,2,3.571428571428571,OSLA,-1.7857142857142856,-1.7857142857142856,-1.0714285714285714,1.7857142857142856,-1.7857142857142856,-1.7857142857142856,OSLA,OSLA,OSLA,OSLA
-1533947634,Descent2e,3,ACTION_CHOSEN,281,11,5,2,3.571428571428571,OSLA,-1.7857142857142856,-1.7857142857142856,-1.0714285714285714,1.7857142857142856,-1.7857142857142856,-1.7857142857142856,OSLA,OSLA,OSLA,OSLA
-1533947634,Descent2e,3,ACTION_CHOSEN,282,11,5,2,3.571428571428571,OSLA,-1.7857142857142856,-1.7857142857142856,-1.0714285714285714,1.7857142857142856,-1.7857142857142856,-1.7857142857142856,OSLA,OSLA,OSLA,OSLA
-1533947634,Descent2e,3,ACTION_CHOSEN,283,11,5,2,3.571428571428571,OSLA,-1.7857142857142856,-1.7857142857142856,-1.0714285714285714,1.7857142857142856,-1.7857142857142856,-1.7857142857142856,OSLA,OSLA,OSLA,OSLA
-1533947634,Descent2e,3,ACTION_CHOSEN,284,11,5,2,3.571428571428571,OSLA,-1.7857142857142856,-1.7857142857142856,-1.0714285714285714,1.7857142857142856,-1.7857142857142856,-1.7857142857142856,OSLA,OSLA,OSLA,OSLA
-1533947634,Descent2e,3,ACTION_CHOSEN,285,11,5,2,3.571428571428571,OSLA,-1.7857142857142856,-1.7857142857142856,-1.0714285714285714,1.7857142857142856,-1.7857142857142856,-1.7857142857142856,OSLA,OSLA,OSLA,OSLA
-1533947634,Descent2e,3,ACTION_CHOSEN,286,11,5,2,3.571428571428571,OSLA,-1.7857142857142856,-1.7857142857142856,-1.0714285714285714,1.7857142857142856,-1.7857142857142856,-1.7857142857142856,OSLA,OSLA,OSLA,OSLA
-1533947634,Descent2e,3,ACTION_CHOSEN,287,11,5,2,3.571428571428571,OSLA,-1.7857142857142856,-1.7857142857142856,-1.0714285714285714,1.7857142857142856,-1.7857142857142856,-1.7857142857142856,OSLA,OSLA,OSLA,OSLA
-1533947634,Descent2e,3,ROUND_OVER,287,12,5,2,5.0,OSLA,-2.5,-2.5,-1.5,2.5,-2.5,-2.5,OSLA,OSLA,OSLA,OSLA
-1533947634,Descent2e,4,GAME_OVER,288,0,5,2,25.0,OSLA,-12.5,-12.5,-7.5,12.5,-12.5,-12.5,OSLA,OSLA,OSLA,OSLA
